ma	moc	prompt
B1-01	0:01	a 1920s architect in a suit holding rolled drawings. Use a white background, and make it look like it was drawn in an old computer painting program with a mouse. It should be vaguely similar but also not really, kind of matching but also off in a confusing, awkward way, with that low-quality pixel-by-pixel feel that really emphasizes how ridiculously bad it is. Actually, you know what, whatever, just draw it however you want.
B1-02	0:07	a blank unlabeled map of the Mediterranean sea. Use a white background, and make it look like it was drawn in an old computer painting program with a mouse. It should be vaguely similar but also not really, kind of matching but also off in a confusing, awkward way, with that low-quality pixel-by-pixel feel that really emphasizes how ridiculously bad it is. Actually, you know what, whatever, just draw it however you want.
B1-03	0:13	a huge concrete dam across a narrow strait. Use a white background, and make it look like it was drawn in an old computer painting program with a mouse. It should be vaguely similar but also not really, kind of matching but also off in a confusing, awkward way, with that low-quality pixel-by-pixel feel that really emphasizes how ridiculously bad it is. Actually, you know what, whatever, just draw it however you want.
B1-04	0:20	a second dam across a narrow channel. Use a white background, and make it look like it was drawn in an old computer painting program with a mouse. It should be vaguely similar but also not really, kind of matching but also off in a confusing, awkward way, with that low-quality pixel-by-pixel feel that really emphasizes how ridiculously bad it is. Actually, you know what, whatever, just draw it however you want.
B1-05	0:26	a sun over open water with rising wisps of vapour. Use a white background, and make it look like it was drawn in an old computer painting program with a mouse. It should be vaguely similar but also not really, kind of matching but also off in a confusing, awkward way, with that low-quality pixel-by-pixel feel that really emphasizes how ridiculously bad it is. Actually, you know what, whatever, just draw it however you want.
B1-06	0:32	a shoreline with the water level dropped far below it. Use a white background, and make it look like it was drawn in an old computer painting program with a mouse. It should be vaguely similar but also not really, kind of matching but also off in a confusing, awkward way, with that low-quality pixel-by-pixel feel that really emphasizes how ridiculously bad it is. Actually, you know what, whatever, just draw it however you want.
B1-07	0:38	a patchwork of farm fields. Use a white background, and make it look like it was drawn in an old computer painting program with a mouse. It should be vaguely similar but also not really, kind of matching but also off in a confusing, awkward way, with that low-quality pixel-by-pixel feel that really emphasizes how ridiculously bad it is. Actually, you know what, whatever, just draw it however you want.
B1-08	0:44	two islands joined to a mainland by new land. Use a white background, and make it look like it was drawn in an old computer painting program with a mouse. It should be vaguely similar but also not really, kind of matching but also off in a confusing, awkward way, with that low-quality pixel-by-pixel feel that really emphasizes how ridiculously bad it is. Actually, you know what, whatever, just draw it however you want.
B1-09	0:50	a dry empty canal channel. Use a white background, and make it look like it was drawn in an old computer painting program with a mouse. It should be vaguely similar but also not really, kind of matching but also off in a confusing, awkward way, with that low-quality pixel-by-pixel feel that really emphasizes how ridiculously bad it is. Actually, you know what, whatever, just draw it however you want.
B1-10	0:56	a railway line crossing from one continent to another. Use a white background, and make it look like it was drawn in an old computer painting program with a mouse. It should be vaguely similar but also not really, kind of matching but also off in a confusing, awkward way, with that low-quality pixel-by-pixel feel that really emphasizes how ridiculously bad it is. Actually, you know what, whatever, just draw it however you want.
B1-11	1:03	a hydroelectric turbine. Use a white background, and make it look like it was drawn in an old computer painting program with a mouse. It should be vaguely similar but also not really, kind of matching but also off in a confusing, awkward way, with that low-quality pixel-by-pixel feel that really emphasizes how ridiculously bad it is. Actually, you know what, whatever, just draw it however you want.
B1-12	1:10	a stack of hardcover books with blank covers, no text. Use a white background, and make it look like it was drawn in an old computer painting program with a mouse. It should be vaguely similar but also not really, kind of matching but also off in a confusing, awkward way, with that low-quality pixel-by-pixel feel that really emphasizes how ridiculously bad it is. Actually, you know what, whatever, just draw it however you want.
B1-13	1:14	a blank poster on a wooden lecture stand, no text. Use a white background, and make it look like it was drawn in an old computer painting program with a mouse. It should be vaguely similar but also not really, kind of matching but also off in a confusing, awkward way, with that low-quality pixel-by-pixel feel that really emphasizes how ridiculously bad it is. Actually, you know what, whatever, just draw it however you want.
B1-14	1:17	a bicycle knocked over. Use a white background, and make it look like it was drawn in an old computer painting program with a mouse. It should be vaguely similar but also not really, kind of matching but also off in a confusing, awkward way, with that low-quality pixel-by-pixel feel that really emphasizes how ridiculously bad it is. Actually, you know what, whatever, just draw it however you want.
B1-15	1:23	a calm sea with nothing built on it. Use a white background, and make it look like it was drawn in an old computer painting program with a mouse. It should be vaguely similar but also not really, kind of matching but also off in a confusing, awkward way, with that low-quality pixel-by-pixel feel that really emphasizes how ridiculously bad it is. Actually, you know what, whatever, just draw it however you want.
B2-01	1:27	a large domed cathedral. Use a white background, and make it look like it was drawn in an old computer painting program with a mouse. It should be vaguely similar but also not really, kind of matching but also off in a confusing, awkward way, with that low-quality pixel-by-pixel feel that really emphasizes how ridiculously bad it is. Actually, you know what, whatever, just draw it however you want.
B2-02	1:33	a building collapsing in a demolition blast. Use a white background, and make it look like it was drawn in an old computer painting program with a mouse. It should be vaguely similar but also not really, kind of matching but also off in a confusing, awkward way, with that low-quality pixel-by-pixel feel that really emphasizes how ridiculously bad it is. Actually, you know what, whatever, just draw it however you want.
B2-03	1:39	a pile of rubble with trucks beside it. Use a white background, and make it look like it was drawn in an old computer painting program with a mouse. It should be vaguely similar but also not really, kind of matching but also off in a confusing, awkward way, with that low-quality pixel-by-pixel feel that really emphasizes how ridiculously bad it is. Actually, you know what, whatever, just draw it however you want.
B2-04	1:45	a tall stepped tower topped by a standing statue. Use a white background, and make it look like it was drawn in an old computer painting program with a mouse. It should be vaguely similar but also not really, kind of matching but also off in a confusing, awkward way, with that low-quality pixel-by-pixel feel that really emphasizes how ridiculously bad it is. Actually, you know what, whatever, just draw it however you want.
B2-05	1:51	a 1930s stepped art deco skyscraper with a spire. Use a white background, and make it look like it was drawn in an old computer painting program with a mouse. It should be vaguely similar but also not really, kind of matching but also off in a confusing, awkward way, with that low-quality pixel-by-pixel feel that really emphasizes how ridiculously bad it is. Actually, you know what, whatever, just draw it however you want.
B2-06	1:56	a giant statue of a man with one arm raised. Use a white background, and make it look like it was drawn in an old computer painting program with a mouse. It should be vaguely similar but also not really, kind of matching but also off in a confusing, awkward way, with that low-quality pixel-by-pixel feel that really emphasizes how ridiculously bad it is. Actually, you know what, whatever, just draw it however you want.
B2-07	2:01	a city bus seen from the side. Use a white background, and make it look like it was drawn in an old computer painting program with a mouse. It should be vaguely similar but also not really, kind of matching but also off in a confusing, awkward way, with that low-quality pixel-by-pixel feel that really emphasizes how ridiculously bad it is. Actually, you know what, whatever, just draw it however you want.
B2-08	2:03	a giant pointing hand with one index finger extended. Use a white background, and make it look like it was drawn in an old computer painting program with a mouse. It should be vaguely similar but also not really, kind of matching but also off in a confusing, awkward way, with that low-quality pixel-by-pixel feel that really emphasizes how ridiculously bad it is. Actually, you know what, whatever, just draw it however you want.
B2-09	2:06	rows of seats in an enormous auditorium. Use a white background, and make it look like it was drawn in an old computer painting program with a mouse. It should be vaguely similar but also not really, kind of matching but also off in a confusing, awkward way, with that low-quality pixel-by-pixel feel that really emphasizes how ridiculously bad it is. Actually, you know what, whatever, just draw it however you want.
B2-10	2:11	a steel building frame under construction. Use a white background, and make it look like it was drawn in an old computer painting program with a mouse. It should be vaguely similar but also not really, kind of matching but also off in a confusing, awkward way, with that low-quality pixel-by-pixel feel that really emphasizes how ridiculously bad it is. Actually, you know what, whatever, just draw it however you want.
B2-11	2:16	a flooded foundation pit. Use a white background, and make it look like it was drawn in an old computer painting program with a mouse. It should be vaguely similar but also not really, kind of matching but also off in a confusing, awkward way, with that low-quality pixel-by-pixel feel that really emphasizes how ridiculously bad it is. Actually, you know what, whatever, just draw it however you want.
B2-12	2:21	a railway bridge made of riveted steel. Use a white background, and make it look like it was drawn in an old computer painting program with a mouse. It should be vaguely similar but also not really, kind of matching but also off in a confusing, awkward way, with that low-quality pixel-by-pixel feel that really emphasizes how ridiculously bad it is. Actually, you know what, whatever, just draw it however you want.
B2-13	2:27	a huge round outdoor swimming pool with steam rising. Use a white background, and make it look like it was drawn in an old computer painting program with a mouse. It should be vaguely similar but also not really, kind of matching but also off in a confusing, awkward way, with that low-quality pixel-by-pixel feel that really emphasizes how ridiculously bad it is. Actually, you know what, whatever, just draw it however you want.
B2-14	2:32	a newly built domed cathedral. Use a white background, and make it look like it was drawn in an old computer painting program with a mouse. It should be vaguely similar but also not really, kind of matching but also off in a confusing, awkward way, with that low-quality pixel-by-pixel feel that really emphasizes how ridiculously bad it is. Actually, you know what, whatever, just draw it however you want.
B3-01	2:36	a building being demolished. Use a white background, and make it look like it was drawn in an old computer painting program with a mouse. It should be vaguely similar but also not really, kind of matching but also off in a confusing, awkward way, with that low-quality pixel-by-pixel feel that really emphasizes how ridiculously bad it is. Actually, you know what, whatever, just draw it however you want.
B3-02	2:42	a city plan with two wide boulevards crossing, no text. Use a white background, and make it look like it was drawn in an old computer painting program with a mouse. It should be vaguely similar but also not really, kind of matching but also off in a confusing, awkward way, with that low-quality pixel-by-pixel feel that really emphasizes how ridiculously bad it is. Actually, you know what, whatever, just draw it however you want.
B3-03	2:48	an enormous domed hall the size of a hill. Use a white background, and make it look like it was drawn in an old computer painting program with a mouse. It should be vaguely similar but also not really, kind of matching but also off in a confusing, awkward way, with that low-quality pixel-by-pixel feel that really emphasizes how ridiculously bad it is. Actually, you know what, whatever, just draw it however you want.
B3-04	2:54	an architect bent over a huge scale model. Use a white background, and make it look like it was drawn in an old computer painting program with a mouse. It should be vaguely similar but also not really, kind of matching but also off in a confusing, awkward way, with that low-quality pixel-by-pixel feel that really emphasizes how ridiculously bad it is. Actually, you know what, whatever, just draw it however you want.
B3-05	3:00	a large domed basilica. Use a white background, and make it look like it was drawn in an old computer painting program with a mouse. It should be vaguely similar but also not really, kind of matching but also off in a confusing, awkward way, with that low-quality pixel-by-pixel feel that really emphasizes how ridiculously bad it is. Actually, you know what, whatever, just draw it however you want.
B3-06	3:06	a vast crowd packed into one hall. Use a white background, and make it look like it was drawn in an old computer painting program with a mouse. It should be vaguely similar but also not really, kind of matching but also off in a confusing, awkward way, with that low-quality pixel-by-pixel feel that really emphasizes how ridiculously bad it is. Actually, you know what, whatever, just draw it however you want.
B3-07	3:13	clouds forming under an interior ceiling. Use a white background, and make it look like it was drawn in an old computer painting program with a mouse. It should be vaguely similar but also not really, kind of matching but also off in a confusing, awkward way, with that low-quality pixel-by-pixel feel that really emphasizes how ridiculously bad it is. Actually, you know what, whatever, just draw it however you want.
B3-08	3:19	rain falling indoors. Use a white background, and make it look like it was drawn in an old computer painting program with a mouse. It should be vaguely similar but also not really, kind of matching but also off in a confusing, awkward way, with that low-quality pixel-by-pixel feel that really emphasizes how ridiculously bad it is. Actually, you know what, whatever, just draw it however you want.
B3-09	3:26	a giant triumphal arch. Use a white background, and make it look like it was drawn in an old computer painting program with a mouse. It should be vaguely similar but also not really, kind of matching but also off in a confusing, awkward way, with that low-quality pixel-by-pixel feel that really emphasizes how ridiculously bad it is. Actually, you know what, whatever, just draw it however you want.
B3-10	3:32	an ornate stone triumphal arch. Use a white background, and make it look like it was drawn in an old computer painting program with a mouse. It should be vaguely similar but also not really, kind of matching but also off in a confusing, awkward way, with that low-quality pixel-by-pixel feel that really emphasizes how ridiculously bad it is. Actually, you know what, whatever, just draw it however you want.
B3-11	3:38	soft marshy ground with water pooling. Use a white background, and make it look like it was drawn in an old computer painting program with a mouse. It should be vaguely similar but also not really, kind of matching but also off in a confusing, awkward way, with that low-quality pixel-by-pixel feel that really emphasizes how ridiculously bad it is. Actually, you know what, whatever, just draw it however you want.
B3-12	3:44	a massive plain concrete cylinder on the ground. Use a white background, and make it look like it was drawn in an old computer painting program with a mouse. It should be vaguely similar but also not really, kind of matching but also off in a confusing, awkward way, with that low-quality pixel-by-pixel feel that really emphasizes how ridiculously bad it is. Actually, you know what, whatever, just draw it however you want.
B3-13	3:50	a concrete block resting on soil with a thin gap beneath one edge. Use a white background, and make it look like it was drawn in an old computer painting program with a mouse. It should be vaguely similar but also not really, kind of matching but also off in a confusing, awkward way, with that low-quality pixel-by-pixel feel that really emphasizes how ridiculously bad it is. Actually, you know what, whatever, just draw it however you want.
B4-01	3:58	a flat empty area of cobblestone paving. Use a white background, and make it look like it was drawn in an old computer painting program with a mouse. It should be vaguely similar but also not really, kind of matching but also off in a confusing, awkward way, with that low-quality pixel-by-pixel feel that really emphasizes how ridiculously bad it is. Actually, you know what, whatever, just draw it however you want.
B4-02	4:04	a short man in a bicorne hat and military coat. Use a white background, and make it look like it was drawn in an old computer painting program with a mouse. It should be vaguely similar but also not really, kind of matching but also off in a confusing, awkward way, with that low-quality pixel-by-pixel feel that really emphasizes how ridiculously bad it is. Actually, you know what, whatever, just draw it however you want.
B4-03	4:10	a giant bronze elephant statue. Use a white background, and make it look like it was drawn in an old computer painting program with a mouse. It should be vaguely similar but also not really, kind of matching but also off in a confusing, awkward way, with that low-quality pixel-by-pixel feel that really emphasizes how ridiculously bad it is. Actually, you know what, whatever, just draw it however you want.
B4-04	4:16	a small two storey townhouse. Use a white background, and make it look like it was drawn in an old computer painting program with a mouse. It should be vaguely similar but also not really, kind of matching but also off in a confusing, awkward way, with that low-quality pixel-by-pixel feel that really emphasizes how ridiculously bad it is. Actually, you know what, whatever, just draw it however you want.
B4-05	4:22	a pile of captured cannons. Use a white background, and make it look like it was drawn in an old computer painting program with a mouse. It should be vaguely similar but also not really, kind of matching but also off in a confusing, awkward way, with that low-quality pixel-by-pixel feel that really emphasizes how ridiculously bad it is. Actually, you know what, whatever, just draw it however you want.
B4-06	4:27	water pouring from an elephant trunk. Use a white background, and make it look like it was drawn in an old computer painting program with a mouse. It should be vaguely similar but also not really, kind of matching but also off in a confusing, awkward way, with that low-quality pixel-by-pixel feel that really emphasizes how ridiculously bad it is. Actually, you know what, whatever, just draw it however you want.
B4-07	4:32	a spiral staircase inside a column. Use a white background, and make it look like it was drawn in an old computer painting program with a mouse. It should be vaguely similar but also not really, kind of matching but also off in a confusing, awkward way, with that low-quality pixel-by-pixel feel that really emphasizes how ridiculously bad it is. Actually, you know what, whatever, just draw it however you want.
B4-08	4:37	a ballroom with a small orchestra. Use a white background, and make it look like it was drawn in an old computer painting program with a mouse. It should be vaguely similar but also not really, kind of matching but also off in a confusing, awkward way, with that low-quality pixel-by-pixel feel that really emphasizes how ridiculously bad it is. Actually, you know what, whatever, just draw it however you want.
B4-09	4:42	an elephant ear shaped like a megaphone. Use a white background, and make it look like it was drawn in an old computer painting program with a mouse. It should be vaguely similar but also not really, kind of matching but also off in a confusing, awkward way, with that low-quality pixel-by-pixel feel that really emphasizes how ridiculously bad it is. Actually, you know what, whatever, just draw it however you want.
B4-10	4:47	an empty treasury chest. Use a white background, and make it look like it was drawn in an old computer painting program with a mouse. It should be vaguely similar but also not really, kind of matching but also off in a confusing, awkward way, with that low-quality pixel-by-pixel feel that really emphasizes how ridiculously bad it is. Actually, you know what, whatever, just draw it however you want.
B4-11	4:52	a cracked plaster statue with rats around it. Use a white background, and make it look like it was drawn in an old computer painting program with a mouse. It should be vaguely similar but also not really, kind of matching but also off in a confusing, awkward way, with that low-quality pixel-by-pixel feel that really emphasizes how ridiculously bad it is. Actually, you know what, whatever, just draw it however you want.
B4-12	4:58	a tall commemorative column. Use a white background, and make it look like it was drawn in an old computer painting program with a mouse. It should be vaguely similar but also not really, kind of matching but also off in a confusing, awkward way, with that low-quality pixel-by-pixel feel that really emphasizes how ridiculously bad it is. Actually, you know what, whatever, just draw it however you want.
B5-01	5:06	a tight cluster of weathered blank headstones, no text. Use a white background, and make it look like it was drawn in an old computer painting program with a mouse. It should be vaguely similar but also not really, kind of matching but also off in a confusing, awkward way, with that low-quality pixel-by-pixel feel that really emphasizes how ridiculously bad it is. Actually, you know what, whatever, just draw it however you want.
B5-02	5:12	soil with coffins pushing up out of it. Use a white background, and make it look like it was drawn in an old computer painting program with a mouse. It should be vaguely similar but also not really, kind of matching but also off in a confusing, awkward way, with that low-quality pixel-by-pixel feel that really emphasizes how ridiculously bad it is. Actually, you know what, whatever, just draw it however you want.
B5-03	5:18	an architect at a drawing board. Use a white background, and make it look like it was drawn in an old computer painting program with a mouse. It should be vaguely similar but also not really, kind of matching but also off in a confusing, awkward way, with that low-quality pixel-by-pixel feel that really emphasizes how ridiculously bad it is. Actually, you know what, whatever, just draw it however you want.
B5-04	5:23	a gigantic brick and granite pyramid. Use a white background, and make it look like it was drawn in an old computer painting program with a mouse. It should be vaguely similar but also not really, kind of matching but also off in a confusing, awkward way, with that low-quality pixel-by-pixel feel that really emphasizes how ridiculously bad it is. Actually, you know what, whatever, just draw it however you want.
B5-05	5:28	a rounded green hill. Use a white background, and make it look like it was drawn in an old computer painting program with a mouse. It should be vaguely similar but also not really, kind of matching but also off in a confusing, awkward way, with that low-quality pixel-by-pixel feel that really emphasizes how ridiculously bad it is. Actually, you know what, whatever, just draw it however you want.
B5-06	5:33	a marked out sports field seen from above. Use a white background, and make it look like it was drawn in an old computer painting program with a mouse. It should be vaguely similar but also not really, kind of matching but also off in a confusing, awkward way, with that low-quality pixel-by-pixel feel that really emphasizes how ridiculously bad it is. Actually, you know what, whatever, just draw it however you want.
B5-07	5:38	a cutaway pyramid full of stacked burial vaults. Use a white background, and make it look like it was drawn in an old computer painting program with a mouse. It should be vaguely similar but also not really, kind of matching but also off in a confusing, awkward way, with that low-quality pixel-by-pixel feel that really emphasizes how ridiculously bad it is. Actually, you know what, whatever, just draw it however you want.
B5-08	5:43	a long sloping ramp inside a building. Use a white background, and make it look like it was drawn in an old computer painting program with a mouse. It should be vaguely similar but also not really, kind of matching but also off in a confusing, awkward way, with that low-quality pixel-by-pixel feel that really emphasizes how ridiculously bad it is. Actually, you know what, whatever, just draw it however you want.
B5-09	5:48	an old hydraulic lift platform. Use a white background, and make it look like it was drawn in an old computer painting program with a mouse. It should be vaguely similar but also not really, kind of matching but also off in a confusing, awkward way, with that low-quality pixel-by-pixel feel that really emphasizes how ridiculously bad it is. Actually, you know what, whatever, just draw it however you want.
B5-10	5:54	an astronomical observatory dome. Use a white background, and make it look like it was drawn in an old computer painting program with a mouse. It should be vaguely similar but also not really, kind of matching but also off in a confusing, awkward way, with that low-quality pixel-by-pixel feel that really emphasizes how ridiculously bad it is. Actually, you know what, whatever, just draw it however you want.
B5-11	6:00	a family having a picnic on a hillside. Use a white background, and make it look like it was drawn in an old computer painting program with a mouse. It should be vaguely similar but also not really, kind of matching but also off in a confusing, awkward way, with that low-quality pixel-by-pixel feel that really emphasizes how ridiculously bad it is. Actually, you know what, whatever, just draw it however you want.
B5-12	6:06	a hill cracking under a heavy weight. Use a white background, and make it look like it was drawn in an old computer painting program with a mouse. It should be vaguely similar but also not really, kind of matching but also off in a confusing, awkward way, with that low-quality pixel-by-pixel feel that really emphasizes how ridiculously bad it is. Actually, you know what, whatever, just draw it however you want.
B6-01	6:12	an artist in a workshop coat. Use a white background, and make it look like it was drawn in an old computer painting program with a mouse. It should be vaguely similar but also not really, kind of matching but also off in a confusing, awkward way, with that low-quality pixel-by-pixel feel that really emphasizes how ridiculously bad it is. Actually, you know what, whatever, just draw it however you want.
B6-02	6:18	a leaning double spiral of iron girders. Use a white background, and make it look like it was drawn in an old computer painting program with a mouse. It should be vaguely similar but also not really, kind of matching but also off in a confusing, awkward way, with that low-quality pixel-by-pixel feel that really emphasizes how ridiculously bad it is. Actually, you know what, whatever, just draw it however you want.
B6-03	6:24	a tall iron lattice tower. Use a white background, and make it look like it was drawn in an old computer painting program with a mouse. It should be vaguely similar but also not really, kind of matching but also off in a confusing, awkward way, with that low-quality pixel-by-pixel feel that really emphasizes how ridiculously bad it is. Actually, you know what, whatever, just draw it however you want.
B6-04	6:29	a globe on a tilted axis. Use a white background, and make it look like it was drawn in an old computer painting program with a mouse. It should be vaguely similar but also not really, kind of matching but also off in a confusing, awkward way, with that low-quality pixel-by-pixel feel that really emphasizes how ridiculously bad it is. Actually, you know what, whatever, just draw it however you want.
B6-05	6:34	a glass cube hanging inside a frame. Use a white background, and make it look like it was drawn in an old computer painting program with a mouse. It should be vaguely similar but also not really, kind of matching but also off in a confusing, awkward way, with that low-quality pixel-by-pixel feel that really emphasizes how ridiculously bad it is. Actually, you know what, whatever, just draw it however you want.
B6-06	6:38	a glass pyramid hanging inside a frame. Use a white background, and make it look like it was drawn in an old computer painting program with a mouse. It should be vaguely similar but also not really, kind of matching but also off in a confusing, awkward way, with that low-quality pixel-by-pixel feel that really emphasizes how ridiculously bad it is. Actually, you know what, whatever, just draw it however you want.
B6-07	6:43	a glass cylinder hanging inside a frame. Use a white background, and make it look like it was drawn in an old computer painting program with a mouse. It should be vaguely similar but also not really, kind of matching but also off in a confusing, awkward way, with that low-quality pixel-by-pixel feel that really emphasizes how ridiculously bad it is. Actually, you know what, whatever, just draw it however you want.
B6-08	6:48	a glass hemisphere with a radio antenna on top. Use a white background, and make it look like it was drawn in an old computer painting program with a mouse. It should be vaguely similar but also not really, kind of matching but also off in a confusing, awkward way, with that low-quality pixel-by-pixel feel that really emphasizes how ridiculously bad it is. Actually, you know what, whatever, just draw it however you want.
B6-09	6:53	a projector beaming a wide beam of light. Use a white background, and make it look like it was drawn in an old computer painting program with a mouse. It should be vaguely similar but also not really, kind of matching but also off in a confusing, awkward way, with that low-quality pixel-by-pixel feel that really emphasizes how ridiculously bad it is. Actually, you know what, whatever, just draw it however you want.
B6-10	6:59	a cold empty industrial furnace. Use a white background, and make it look like it was drawn in an old computer painting program with a mouse. It should be vaguely similar but also not really, kind of matching but also off in a confusing, awkward way, with that low-quality pixel-by-pixel feel that really emphasizes how ridiculously bad it is. Actually, you know what, whatever, just draw it however you want.
B6-11	7:05	a small wooden model of a tower in a room. Use a white background, and make it look like it was drawn in an old computer painting program with a mouse. It should be vaguely similar but also not really, kind of matching but also off in a confusing, awkward way, with that low-quality pixel-by-pixel feel that really emphasizes how ridiculously bad it is. Actually, you know what, whatever, just draw it however you want.
B6-12	7:10	a rubber stamp and an ink pad. Use a white background, and make it look like it was drawn in an old computer painting program with a mouse. It should be vaguely similar but also not really, kind of matching but also off in a confusing, awkward way, with that low-quality pixel-by-pixel feel that really emphasizes how ridiculously bad it is. Actually, you know what, whatever, just draw it however you want.
B7-01	7:14	a blank unlabeled map of north and west Africa. Use a white background, and make it look like it was drawn in an old computer painting program with a mouse. It should be vaguely similar but also not really, kind of matching but also off in a confusing, awkward way, with that low-quality pixel-by-pixel feel that really emphasizes how ridiculously bad it is. Actually, you know what, whatever, just draw it however you want.
B7-02	7:20	surveyors with a tripod in the desert. Use a white background, and make it look like it was drawn in an old computer painting program with a mouse. It should be vaguely similar but also not really, kind of matching but also off in a confusing, awkward way, with that low-quality pixel-by-pixel feel that really emphasizes how ridiculously bad it is. Actually, you know what, whatever, just draw it however you want.
B7-03	7:26	an open ledger book with blank ruled pages, no writing. Use a white background, and make it look like it was drawn in an old computer painting program with a mouse. It should be vaguely similar but also not really, kind of matching but also off in a confusing, awkward way, with that low-quality pixel-by-pixel feel that really emphasizes how ridiculously bad it is. Actually, you know what, whatever, just draw it however you want.
B7-04	7:31	a thermometer with the mercury near the top and no numbers. Use a white background, and make it look like it was drawn in an old computer painting program with a mouse. It should be vaguely similar but also not really, kind of matching but also off in a confusing, awkward way, with that low-quality pixel-by-pixel feel that really emphasizes how ridiculously bad it is. Actually, you know what, whatever, just draw it however you want.
B7-05	7:36	an empty freight wagon. Use a white background, and make it look like it was drawn in an old computer painting program with a mouse. It should be vaguely similar but also not really, kind of matching but also off in a confusing, awkward way, with that low-quality pixel-by-pixel feel that really emphasizes how ridiculously bad it is. Actually, you know what, whatever, just draw it however you want.
B7-06	7:41	a barbed wire camp fence with a watchtower. Use a white background, and make it look like it was drawn in an old computer painting program with a mouse. It should be vaguely similar but also not really, kind of matching but also off in a confusing, awkward way, with that low-quality pixel-by-pixel feel that really emphasizes how ridiculously bad it is. Actually, you know what, whatever, just draw it however you want.
B7-07	7:47	a crowded train of prisoners. Use a white background, and make it look like it was drawn in an old computer painting program with a mouse. It should be vaguely similar but also not really, kind of matching but also off in a confusing, awkward way, with that low-quality pixel-by-pixel feel that really emphasizes how ridiculously bad it is. Actually, you know what, whatever, just draw it however you want.
B7-08	7:52	men laying railway sleepers in sand. Use a white background, and make it look like it was drawn in an old computer painting program with a mouse. It should be vaguely similar but also not really, kind of matching but also off in a confusing, awkward way, with that low-quality pixel-by-pixel feel that really emphasizes how ridiculously bad it is. Actually, you know what, whatever, just draw it however you want.
B7-09	7:57	a railway track ending abruptly in sand. Use a white background, and make it look like it was drawn in an old computer painting program with a mouse. It should be vaguely similar but also not really, kind of matching but also off in a confusing, awkward way, with that low-quality pixel-by-pixel feel that really emphasizes how ridiculously bad it is. Actually, you know what, whatever, just draw it however you want.
B8-01	8:03	a Soviet engineer in a heavy coat holding a blueprint. Use a white background, and make it look like it was drawn in an old computer painting program with a mouse. It should be vaguely similar but also not really, kind of matching but also off in a confusing, awkward way, with that low-quality pixel-by-pixel feel that really emphasizes how ridiculously bad it is. Actually, you know what, whatever, just draw it however you want.
B8-02	8:09	an arctic ice sheet. Use a white background, and make it look like it was drawn in an old computer painting program with a mouse. It should be vaguely similar but also not really, kind of matching but also off in a confusing, awkward way, with that low-quality pixel-by-pixel feel that really emphasizes how ridiculously bad it is. Actually, you know what, whatever, just draw it however you want.
B8-03	8:15	a long concrete dam across a strait between two continents. Use a white background, and make it look like it was drawn in an old computer painting program with a mouse. It should be vaguely similar but also not really, kind of matching but also off in a confusing, awkward way, with that low-quality pixel-by-pixel feel that really emphasizes how ridiculously bad it is. Actually, you know what, whatever, just draw it however you want.
B8-04	8:21	giant pumps built into a dam wall. Use a white background, and make it look like it was drawn in an old computer painting program with a mouse. It should be vaguely similar but also not really, kind of matching but also off in a confusing, awkward way, with that low-quality pixel-by-pixel feel that really emphasizes how ridiculously bad it is. Actually, you know what, whatever, just draw it however you want.
B8-05	8:27	a radiation symbol on a machine housing. Use a white background, and make it look like it was drawn in an old computer painting program with a mouse. It should be vaguely similar but also not really, kind of matching but also off in a confusing, awkward way, with that low-quality pixel-by-pixel feel that really emphasizes how ridiculously bad it is. Actually, you know what, whatever, just draw it however you want.
B8-06	8:33	a cross section of ocean water in two shades of blue. Use a white background, and make it look like it was drawn in an old computer painting program with a mouse. It should be vaguely similar but also not really, kind of matching but also off in a confusing, awkward way, with that low-quality pixel-by-pixel feel that really emphasizes how ridiculously bad it is. Actually, you know what, whatever, just draw it however you want.
B8-07	8:39	melting ice caps dripping. Use a white background, and make it look like it was drawn in an old computer painting program with a mouse. It should be vaguely similar but also not really, kind of matching but also off in a confusing, awkward way, with that low-quality pixel-by-pixel feel that really emphasizes how ridiculously bad it is. Actually, you know what, whatever, just draw it however you want.
B8-08	8:44	a snowy plain turning into farm fields. Use a white background, and make it look like it was drawn in an old computer painting program with a mouse. It should be vaguely similar but also not really, kind of matching but also off in a confusing, awkward way, with that low-quality pixel-by-pixel feel that really emphasizes how ridiculously bad it is. Actually, you know what, whatever, just draw it however you want.
B8-09	8:50	a cargo ship on an open polar sea route. Use a white background, and make it look like it was drawn in an old computer painting program with a mouse. It should be vaguely similar but also not really, kind of matching but also off in a confusing, awkward way, with that low-quality pixel-by-pixel feel that really emphasizes how ridiculously bad it is. Actually, you know what, whatever, just draw it however you want.
B8-10	8:56	a large blank price tag with no numbers or text. Use a white background, and make it look like it was drawn in an old computer painting program with a mouse. It should be vaguely similar but also not really, kind of matching but also off in a confusing, awkward way, with that low-quality pixel-by-pixel feel that really emphasizes how ridiculously bad it is. Actually, you know what, whatever, just draw it however you want.
B8-11	9:02	two plain unmarked flags on poles. Use a white background, and make it look like it was drawn in an old computer painting program with a mouse. It should be vaguely similar but also not really, kind of matching but also off in a confusing, awkward way, with that low-quality pixel-by-pixel feel that really emphasizes how ridiculously bad it is. Actually, you know what, whatever, just draw it however you want.
B8-12	9:09	an old European townhouse covered in ice. Use a white background, and make it look like it was drawn in an old computer painting program with a mouse. It should be vaguely similar but also not really, kind of matching but also off in a confusing, awkward way, with that low-quality pixel-by-pixel feel that really emphasizes how ridiculously bad it is. Actually, you know what, whatever, just draw it however you want.
B8-13	9:16	a conference hall with a small audience. Use a white background, and make it look like it was drawn in an old computer painting program with a mouse. It should be vaguely similar but also not really, kind of matching but also off in a confusing, awkward way, with that low-quality pixel-by-pixel feel that really emphasizes how ridiculously bad it is. Actually, you know what, whatever, just draw it however you want.
B9-01	9:26	an elderly architect in a cape and hat. Use a white background, and make it look like it was drawn in an old computer painting program with a mouse. It should be vaguely similar but also not really, kind of matching but also off in a confusing, awkward way, with that low-quality pixel-by-pixel feel that really emphasizes how ridiculously bad it is. Actually, you know what, whatever, just draw it however you want.
B9-02	9:31	a blank drawing sheet taller than the man holding it, no text. Use a white background, and make it look like it was drawn in an old computer painting program with a mouse. It should be vaguely similar but also not really, kind of matching but also off in a confusing, awkward way, with that low-quality pixel-by-pixel feel that really emphasizes how ridiculously bad it is. Actually, you know what, whatever, just draw it however you want.
B9-03	9:36	an extremely tall thin needle shaped skyscraper. Use a white background, and make it look like it was drawn in an old computer painting program with a mouse. It should be vaguely similar but also not really, kind of matching but also off in a confusing, awkward way, with that low-quality pixel-by-pixel feel that really emphasizes how ridiculously bad it is. Actually, you know what, whatever, just draw it however you want.
B9-04	9:41	a 1930s stepped art deco skyscraper with a spire. Use a white background, and make it look like it was drawn in an old computer painting program with a mouse. It should be vaguely similar but also not really, kind of matching but also off in a confusing, awkward way, with that low-quality pixel-by-pixel feel that really emphasizes how ridiculously bad it is. Actually, you know what, whatever, just draw it however you want.
B9-05	9:46	a huge underground parking garage full of cars. Use a white background, and make it look like it was drawn in an old computer painting program with a mouse. It should be vaguely similar but also not really, kind of matching but also off in a confusing, awkward way, with that low-quality pixel-by-pixel feel that really emphasizes how ridiculously bad it is. Actually, you know what, whatever, just draw it however you want.
B9-06	9:51	helicopters landing on a tower roof. Use a white background, and make it look like it was drawn in an old computer painting program with a mouse. It should be vaguely similar but also not really, kind of matching but also off in a confusing, awkward way, with that low-quality pixel-by-pixel feel that really emphasizes how ridiculously bad it is. Actually, you know what, whatever, just draw it however you want.
B9-07	9:56	an elevator car with a small reactor symbol on the door. Use a white background, and make it look like it was drawn in an old computer painting program with a mouse. It should be vaguely similar but also not really, kind of matching but also off in a confusing, awkward way, with that low-quality pixel-by-pixel feel that really emphasizes how ridiculously bad it is. Actually, you know what, whatever, just draw it however you want.
B9-08	10:01	a mouse. Use a white background, and make it look like it was drawn in an old computer painting program with a mouse. It should be vaguely similar but also not really, kind of matching but also off in a confusing, awkward way, with that low-quality pixel-by-pixel feel that really emphasizes how ridiculously bad it is. Actually, you know what, whatever, just draw it however you want.
B9-09	10:06	a blank unsigned contract on a desk, no text. Use a white background, and make it look like it was drawn in an old computer painting program with a mouse. It should be vaguely similar but also not really, kind of matching but also off in a confusing, awkward way, with that low-quality pixel-by-pixel feel that really emphasizes how ridiculously bad it is. Actually, you know what, whatever, just draw it however you want.
B9-10	10:11	a modern glass tower tapering to a spire. Use a white background, and make it look like it was drawn in an old computer painting program with a mouse. It should be vaguely similar but also not really, kind of matching but also off in a confusing, awkward way, with that low-quality pixel-by-pixel feel that really emphasizes how ridiculously bad it is. Actually, you know what, whatever, just draw it however you want.
B10-01	10:17	an old man holding a geodesic sphere model. Use a white background, and make it look like it was drawn in an old computer painting program with a mouse. It should be vaguely similar but also not really, kind of matching but also off in a confusing, awkward way, with that low-quality pixel-by-pixel feel that really emphasizes how ridiculously bad it is. Actually, you know what, whatever, just draw it however you want.
B10-02	10:23	a glass dome over a city skyline. Use a white background, and make it look like it was drawn in an old computer painting program with a mouse. It should be vaguely similar but also not really, kind of matching but also off in a confusing, awkward way, with that low-quality pixel-by-pixel feel that really emphasizes how ridiculously bad it is. Actually, you know what, whatever, just draw it however you want.
B10-03	10:29	a blank unlabeled map of Manhattan between two rivers, no text. Use a white background, and make it look like it was drawn in an old computer painting program with a mouse. It should be vaguely similar but also not really, kind of matching but also off in a confusing, awkward way, with that low-quality pixel-by-pixel feel that really emphasizes how ridiculously bad it is. Actually, you know what, whatever, just draw it however you want.
B10-04	10:35	snow melting on a curved glass surface. Use a white background, and make it look like it was drawn in an old computer painting program with a mouse. It should be vaguely similar but also not really, kind of matching but also off in a confusing, awkward way, with that low-quality pixel-by-pixel feel that really emphasizes how ridiculously bad it is. Actually, you know what, whatever, just draw it however you want.
B10-05	10:41	heating wires embedded in a panel. Use a white background, and make it look like it was drawn in an old computer painting program with a mouse. It should be vaguely similar but also not really, kind of matching but also off in a confusing, awkward way, with that low-quality pixel-by-pixel feel that really emphasizes how ridiculously bad it is. Actually, you know what, whatever, just draw it however you want.
B10-06	10:47	a window air conditioner unit. Use a white background, and make it look like it was drawn in an old computer painting program with a mouse. It should be vaguely similar but also not really, kind of matching but also off in a confusing, awkward way, with that low-quality pixel-by-pixel feel that really emphasizes how ridiculously bad it is. Actually, you know what, whatever, just draw it however you want.
B10-07	10:53	a smog cloud passing through a filter. Use a white background, and make it look like it was drawn in an old computer painting program with a mouse. It should be vaguely similar but also not really, kind of matching but also off in a confusing, awkward way, with that low-quality pixel-by-pixel feel that really emphasizes how ridiculously bad it is. Actually, you know what, whatever, just draw it however you want.
B10-08	10:59	a snow plough truck. Use a white background, and make it look like it was drawn in an old computer painting program with a mouse. It should be vaguely similar but also not really, kind of matching but also off in a confusing, awkward way, with that low-quality pixel-by-pixel feel that really emphasizes how ridiculously bad it is. Actually, you know what, whatever, just draw it however you want.
B10-09	11:05	birds flying towards a glass surface. Use a white background, and make it look like it was drawn in an old computer painting program with a mouse. It should be vaguely similar but also not really, kind of matching but also off in a confusing, awkward way, with that low-quality pixel-by-pixel feel that really emphasizes how ridiculously bad it is. Actually, you know what, whatever, just draw it however you want.
B10-10	11:11	a city view seen through a metal grid. Use a white background, and make it look like it was drawn in an old computer painting program with a mouse. It should be vaguely similar but also not really, kind of matching but also off in a confusing, awkward way, with that low-quality pixel-by-pixel feel that really emphasizes how ridiculously bad it is. Actually, you know what, whatever, just draw it however you want.
B10-11	11:17	a modern stadium dome. Use a white background, and make it look like it was drawn in an old computer painting program with a mouse. It should be vaguely similar but also not really, kind of matching but also off in a confusing, awkward way, with that low-quality pixel-by-pixel feel that really emphasizes how ridiculously bad it is. Actually, you know what, whatever, just draw it however you want.
B11-01	11:22	a giant open steel frame pyramid. Use a white background, and make it look like it was drawn in an old computer painting program with a mouse. It should be vaguely similar but also not really, kind of matching but also off in a confusing, awkward way, with that low-quality pixel-by-pixel feel that really emphasizes how ridiculously bad it is. Actually, you know what, whatever, just draw it however you want.
B11-02	11:28	an ancient stone pyramid in the desert. Use a white background, and make it look like it was drawn in an old computer painting program with a mouse. It should be vaguely similar but also not really, kind of matching but also off in a confusing, awkward way, with that low-quality pixel-by-pixel feel that really emphasizes how ridiculously bad it is. Actually, you know what, whatever, just draw it however you want.
B11-03	11:34	thick concrete pillars sunk into a seabed. Use a white background, and make it look like it was drawn in an old computer painting program with a mouse. It should be vaguely similar but also not really, kind of matching but also off in a confusing, awkward way, with that low-quality pixel-by-pixel feel that really emphasizes how ridiculously bad it is. Actually, you know what, whatever, just draw it however you want.
B11-04	11:40	small skyscrapers hanging from cables inside a frame. Use a white background, and make it look like it was drawn in an old computer painting program with a mouse. It should be vaguely similar but also not really, kind of matching but also off in a confusing, awkward way, with that low-quality pixel-by-pixel feel that really emphasizes how ridiculously bad it is. Actually, you know what, whatever, just draw it however you want.
B11-05	11:46	solar panels covering a sloped surface. Use a white background, and make it look like it was drawn in an old computer painting program with a mouse. It should be vaguely similar but also not really, kind of matching but also off in a confusing, awkward way, with that low-quality pixel-by-pixel feel that really emphasizes how ridiculously bad it is. Actually, you know what, whatever, just draw it however you want.
B11-06	11:52	green algae tanks. Use a white background, and make it look like it was drawn in an old computer painting program with a mouse. It should be vaguely similar but also not really, kind of matching but also off in a confusing, awkward way, with that low-quality pixel-by-pixel feel that really emphasizes how ridiculously bad it is. Actually, you know what, whatever, just draw it however you want.
B11-07	11:58	a small automated pod on a rail. Use a white background, and make it look like it was drawn in an old computer painting program with a mouse. It should be vaguely similar but also not really, kind of matching but also off in a confusing, awkward way, with that low-quality pixel-by-pixel feel that really emphasizes how ridiculously bad it is. Actually, you know what, whatever, just draw it however you want.
B11-08	12:04	construction robots assembling a frame. Use a white background, and make it look like it was drawn in an old computer painting program with a mouse. It should be vaguely similar but also not really, kind of matching but also off in a confusing, awkward way, with that low-quality pixel-by-pixel feel that really emphasizes how ridiculously bad it is. Actually, you know what, whatever, just draw it however you want.
B11-09	12:10	a tiny glass sample vial holding a few grams of black powder. Use a white background, and make it look like it was drawn in an old computer painting program with a mouse. It should be vaguely similar but also not really, kind of matching but also off in a confusing, awkward way, with that low-quality pixel-by-pixel feel that really emphasizes how ridiculously bad it is. Actually, you know what, whatever, just draw it however you want.
B11-10	12:16	a large blank price tag with no numbers or text. Use a white background, and make it look like it was drawn in an old computer painting program with a mouse. It should be vaguely similar but also not really, kind of matching but also off in a confusing, awkward way, with that low-quality pixel-by-pixel feel that really emphasizes how ridiculously bad it is. Actually, you know what, whatever, just draw it however you want.
B11-11	12:22	a typhoon spiral over a coastline. Use a white background, and make it look like it was drawn in an old computer painting program with a mouse. It should be vaguely similar but also not really, kind of matching but also off in a confusing, awkward way, with that low-quality pixel-by-pixel feel that really emphasizes how ridiculously bad it is. Actually, you know what, whatever, just draw it however you want.
B12-01	12:28	a cone shaped tower like a smooth mountain. Use a white background, and make it look like it was drawn in an old computer painting program with a mouse. It should be vaguely similar but also not really, kind of matching but also off in a confusing, awkward way, with that low-quality pixel-by-pixel feel that really emphasizes how ridiculously bad it is. Actually, you know what, whatever, just draw it however you want.
B12-02	12:34	a snow capped volcanic mountain. Use a white background, and make it look like it was drawn in an old computer painting program with a mouse. It should be vaguely similar but also not really, kind of matching but also off in a confusing, awkward way, with that low-quality pixel-by-pixel feel that really emphasizes how ridiculously bad it is. Actually, you know what, whatever, just draw it however you want.
B12-03	12:40	a wide artificial mountain base in the sea. Use a white background, and make it look like it was drawn in an old computer painting program with a mouse. It should be vaguely similar but also not really, kind of matching but also off in a confusing, awkward way, with that low-quality pixel-by-pixel feel that really emphasizes how ridiculously bad it is. Actually, you know what, whatever, just draw it however you want.
B12-04	12:46	a building top poking above the clouds. Use a white background, and make it look like it was drawn in an old computer painting program with a mouse. It should be vaguely similar but also not really, kind of matching but also off in a confusing, awkward way, with that low-quality pixel-by-pixel feel that really emphasizes how ridiculously bad it is. Actually, you know what, whatever, just draw it however you want.
B12-05	12:52	a cutaway tower with many stacked floors. Use a white background, and make it look like it was drawn in an old computer painting program with a mouse. It should be vaguely similar but also not really, kind of matching but also off in a confusing, awkward way, with that low-quality pixel-by-pixel feel that really emphasizes how ridiculously bad it is. Actually, you know what, whatever, just draw it however you want.
B12-06	12:58	a sealed pressurised room door. Use a white background, and make it look like it was drawn in an old computer painting program with a mouse. It should be vaguely similar but also not really, kind of matching but also off in a confusing, awkward way, with that low-quality pixel-by-pixel feel that really emphasizes how ridiculously bad it is. Actually, you know what, whatever, just draw it however you want.
B12-07	13:04	a person wearing an oxygen mask. Use a white background, and make it look like it was drawn in an old computer painting program with a mouse. It should be vaguely similar but also not really, kind of matching but also off in a confusing, awkward way, with that low-quality pixel-by-pixel feel that really emphasizes how ridiculously bad it is. Actually, you know what, whatever, just draw it however you want.
B12-08	13:09	a rain cloud forming inside a building. Use a white background, and make it look like it was drawn in an old computer painting program with a mouse. It should be vaguely similar but also not really, kind of matching but also off in a confusing, awkward way, with that low-quality pixel-by-pixel feel that really emphasizes how ridiculously bad it is. Actually, you know what, whatever, just draw it however you want.
B12-09	13:14	a glossy folded brochure with blank pages, no text. Use a white background, and make it look like it was drawn in an old computer painting program with a mouse. It should be vaguely similar but also not really, kind of matching but also off in a confusing, awkward way, with that low-quality pixel-by-pixel feel that really emphasizes how ridiculously bad it is. Actually, you know what, whatever, just draw it however you want.
B13-01	13:19	an engineer looking up at a cruise ship. Use a white background, and make it look like it was drawn in an old computer painting program with a mouse. It should be vaguely similar but also not really, kind of matching but also off in a confusing, awkward way, with that low-quality pixel-by-pixel feel that really emphasizes how ridiculously bad it is. Actually, you know what, whatever, just draw it however you want.
B13-02	13:25	an extremely long flat ship like a floating city. Use a white background, and make it look like it was drawn in an old computer painting program with a mouse. It should be vaguely similar but also not really, kind of matching but also off in a confusing, awkward way, with that low-quality pixel-by-pixel feel that really emphasizes how ridiculously bad it is. Actually, you know what, whatever, just draw it however you want.
B13-03	13:31	an ordinary cruise ship seen from the side. Use a white background, and make it look like it was drawn in an old computer painting program with a mouse. It should be vaguely similar but also not really, kind of matching but also off in a confusing, awkward way, with that low-quality pixel-by-pixel feel that really emphasizes how ridiculously bad it is. Actually, you know what, whatever, just draw it however you want.
B13-04	13:36	a globe with a circular route drawn around it. Use a white background, and make it look like it was drawn in an old computer painting program with a mouse. It should be vaguely similar but also not really, kind of matching but also off in a confusing, awkward way, with that low-quality pixel-by-pixel feel that really emphasizes how ridiculously bad it is. Actually, you know what, whatever, just draw it however you want.
B13-05	13:41	a small hospital building with a cross on it. Use a white background, and make it look like it was drawn in an old computer painting program with a mouse. It should be vaguely similar but also not really, kind of matching but also off in a confusing, awkward way, with that low-quality pixel-by-pixel feel that really emphasizes how ridiculously bad it is. Actually, you know what, whatever, just draw it however you want.
B13-06	13:44	a park bench. Use a white background, and make it look like it was drawn in an old computer painting program with a mouse. It should be vaguely similar but also not really, kind of matching but also off in a confusing, awkward way, with that low-quality pixel-by-pixel feel that really emphasizes how ridiculously bad it is. Actually, you know what, whatever, just draw it however you want.
B13-07	13:46	a row of shop fronts. Use a white background, and make it look like it was drawn in an old computer painting program with a mouse. It should be vaguely similar but also not really, kind of matching but also off in a confusing, awkward way, with that low-quality pixel-by-pixel feel that really emphasizes how ridiculously bad it is. Actually, you know what, whatever, just draw it however you want.
B13-08	13:51	a stadium. Use a white background, and make it look like it was drawn in an old computer painting program with a mouse. It should be vaguely similar but also not really, kind of matching but also off in a confusing, awkward way, with that low-quality pixel-by-pixel feel that really emphasizes how ridiculously bad it is. Actually, you know what, whatever, just draw it however you want.
B13-09	13:56	a private jet on a short runway. Use a white background, and make it look like it was drawn in an old computer painting program with a mouse. It should be vaguely similar but also not really, kind of matching but also off in a confusing, awkward way, with that low-quality pixel-by-pixel feel that really emphasizes how ridiculously bad it is. Actually, you know what, whatever, just draw it however you want.
B13-10	14:01	a large blank price tag with no numbers or text. Use a white background, and make it look like it was drawn in an old computer painting program with a mouse. It should be vaguely similar but also not really, kind of matching but also off in a confusing, awkward way, with that low-quality pixel-by-pixel feel that really emphasizes how ridiculously bad it is. Actually, you know what, whatever, just draw it however you want.
B13-11	14:07	two stone piers forming a narrow gap. Use a white background, and make it look like it was drawn in an old computer painting program with a mouse. It should be vaguely similar but also not really, kind of matching but also off in a confusing, awkward way, with that low-quality pixel-by-pixel feel that really emphasizes how ridiculously bad it is. Actually, you know what, whatever, just draw it however you want.
B13-12	14:13	a radiation symbol on a ship hull. Use a white background, and make it look like it was drawn in an old computer painting program with a mouse. It should be vaguely similar but also not really, kind of matching but also off in a confusing, awkward way, with that low-quality pixel-by-pixel feel that really emphasizes how ridiculously bad it is. Actually, you know what, whatever, just draw it however you want.
B13-13	14:19	a pile of blank folded brochures, no text. Use a white background, and make it look like it was drawn in an old computer painting program with a mouse. It should be vaguely similar but also not really, kind of matching but also off in a confusing, awkward way, with that low-quality pixel-by-pixel feel that really emphasizes how ridiculously bad it is. Actually, you know what, whatever, just draw it however you want.
B14-01	14:25	a wide flat expanse of stone paving. Use a white background, and make it look like it was drawn in an old computer painting program with a mouse. It should be vaguely similar but also not really, kind of matching but also off in a confusing, awkward way, with that low-quality pixel-by-pixel feel that really emphasizes how ridiculously bad it is. Actually, you know what, whatever, just draw it however you want.
B14-02	14:31	ancient stone ruins under the ground. Use a white background, and make it look like it was drawn in an old computer painting program with a mouse. It should be vaguely similar but also not really, kind of matching but also off in a confusing, awkward way, with that low-quality pixel-by-pixel feel that really emphasizes how ridiculously bad it is. Actually, you know what, whatever, just draw it however you want.
B14-03	14:37	an upside down pyramid dug into the earth. Use a white background, and make it look like it was drawn in an old computer painting program with a mouse. It should be vaguely similar but also not really, kind of matching but also off in a confusing, awkward way, with that low-quality pixel-by-pixel feel that really emphasizes how ridiculously bad it is. Actually, you know what, whatever, just draw it however you want.
B14-04	14:43	a cutaway of a deep pit with many floors. Use a white background, and make it look like it was drawn in an old computer painting program with a mouse. It should be vaguely similar but also not really, kind of matching but also off in a confusing, awkward way, with that low-quality pixel-by-pixel feel that really emphasizes how ridiculously bad it is. Actually, you know what, whatever, just draw it however you want.
B14-05	14:49	a glass floor covering a square. Use a white background, and make it look like it was drawn in an old computer painting program with a mouse. It should be vaguely similar but also not really, kind of matching but also off in a confusing, awkward way, with that low-quality pixel-by-pixel feel that really emphasizes how ridiculously bad it is. Actually, you know what, whatever, just draw it however you want.
B14-06	14:55	a marching parade band. Use a white background, and make it look like it was drawn in an old computer painting program with a mouse. It should be vaguely similar but also not really, kind of matching but also off in a confusing, awkward way, with that low-quality pixel-by-pixel feel that really emphasizes how ridiculously bad it is. Actually, you know what, whatever, just draw it however you want.
B14-07	15:01	sunlight shining down through a glass floor. Use a white background, and make it look like it was drawn in an old computer painting program with a mouse. It should be vaguely similar but also not really, kind of matching but also off in a confusing, awkward way, with that low-quality pixel-by-pixel feel that really emphasizes how ridiculously bad it is. Actually, you know what, whatever, just draw it however you want.
B14-08	15:07	a museum display case with a stone carving. Use a white background, and make it look like it was drawn in an old computer painting program with a mouse. It should be vaguely similar but also not really, kind of matching but also off in a confusing, awkward way, with that low-quality pixel-by-pixel feel that really emphasizes how ridiculously bad it is. Actually, you know what, whatever, just draw it however you want.
B14-09	15:13	stacked floors of shops, apartments and offices. Use a white background, and make it look like it was drawn in an old computer painting program with a mouse. It should be vaguely similar but also not really, kind of matching but also off in a confusing, awkward way, with that low-quality pixel-by-pixel feel that really emphasizes how ridiculously bad it is. Actually, you know what, whatever, just draw it however you want.
B14-10	15:19	soft wet soil with a building sinking into it. Use a white background, and make it look like it was drawn in an old computer painting program with a mouse. It should be vaguely similar but also not really, kind of matching but also off in a confusing, awkward way, with that low-quality pixel-by-pixel feel that really emphasizes how ridiculously bad it is. Actually, you know what, whatever, just draw it however you want.
B14-11	15:25	a leaning cathedral. Use a white background, and make it look like it was drawn in an old computer painting program with a mouse. It should be vaguely similar but also not really, kind of matching but also off in a confusing, awkward way, with that low-quality pixel-by-pixel feel that really emphasizes how ridiculously bad it is. Actually, you know what, whatever, just draw it however you want.
B14-12	15:31	water seeping into the bottom of a deep pit. Use a white background, and make it look like it was drawn in an old computer painting program with a mouse. It should be vaguely similar but also not really, kind of matching but also off in a confusing, awkward way, with that low-quality pixel-by-pixel feel that really emphasizes how ridiculously bad it is. Actually, you know what, whatever, just draw it however you want.
B14-13	15:38	a crowd climbing a single long stairway. Use a white background, and make it look like it was drawn in an old computer painting program with a mouse. It should be vaguely similar but also not really, kind of matching but also off in a confusing, awkward way, with that low-quality pixel-by-pixel feel that really emphasizes how ridiculously bad it is. Actually, you know what, whatever, just draw it however you want.
B15-01	15:46	an 18th century architect with a quill and a drawing. Use a white background, and make it look like it was drawn in an old computer painting program with a mouse. It should be vaguely similar but also not really, kind of matching but also off in a confusing, awkward way, with that low-quality pixel-by-pixel feel that really emphasizes how ridiculously bad it is. Actually, you know what, whatever, just draw it however you want.
B15-02	15:52	an enormous stone sphere set in a round base. Use a white background, and make it look like it was drawn in an old computer painting program with a mouse. It should be vaguely similar but also not really, kind of matching but also off in a confusing, awkward way, with that low-quality pixel-by-pixel feel that really emphasizes how ridiculously bad it is. Actually, you know what, whatever, just draw it however you want.
B15-03	15:58	a ring of cypress trees around a monument. Use a white background, and make it look like it was drawn in an old computer painting program with a mouse. It should be vaguely similar but also not really, kind of matching but also off in a confusing, awkward way, with that low-quality pixel-by-pixel feel that really emphasizes how ridiculously bad it is. Actually, you know what, whatever, just draw it however you want.
B15-04	16:04	a great stone pyramid. Use a white background, and make it look like it was drawn in an old computer painting program with a mouse. It should be vaguely similar but also not really, kind of matching but also off in a confusing, awkward way, with that low-quality pixel-by-pixel feel that really emphasizes how ridiculously bad it is. Actually, you know what, whatever, just draw it however you want.
B15-05	16:10	a tiny sarcophagus alone in a vast empty interior. Use a white background, and make it look like it was drawn in an old computer painting program with a mouse. It should be vaguely similar but also not really, kind of matching but also off in a confusing, awkward way, with that low-quality pixel-by-pixel feel that really emphasizes how ridiculously bad it is. Actually, you know what, whatever, just draw it however you want.
B15-06	16:16	small holes drilled through a curved ceiling. Use a white background, and make it look like it was drawn in an old computer painting program with a mouse. It should be vaguely similar but also not really, kind of matching but also off in a confusing, awkward way, with that low-quality pixel-by-pixel feel that really emphasizes how ridiculously bad it is. Actually, you know what, whatever, just draw it however you want.
B15-07	16:22	a dome interior lit like a night sky. Use a white background, and make it look like it was drawn in an old computer painting program with a mouse. It should be vaguely similar but also not really, kind of matching but also off in a confusing, awkward way, with that low-quality pixel-by-pixel feel that really emphasizes how ridiculously bad it is. Actually, you know what, whatever, just draw it however you want.
B15-08	16:28	a person standing alone looking up. Use a white background, and make it look like it was drawn in an old computer painting program with a mouse. It should be vaguely similar but also not really, kind of matching but also off in a confusing, awkward way, with that low-quality pixel-by-pixel feel that really emphasizes how ridiculously bad it is. Actually, you know what, whatever, just draw it however you want.
B15-09	16:34	a folder of drawings on an archive shelf. Use a white background, and make it look like it was drawn in an old computer painting program with a mouse. It should be vaguely similar but also not really, kind of matching but also off in a confusing, awkward way, with that low-quality pixel-by-pixel feel that really emphasizes how ridiculously bad it is. Actually, you know what, whatever, just draw it however you want.
B15-10	16:41	a heavy stone government building. Use a white background, and make it look like it was drawn in an old computer painting program with a mouse. It should be vaguely similar but also not really, kind of matching but also off in a confusing, awkward way, with that low-quality pixel-by-pixel feel that really emphasizes how ridiculously bad it is. Actually, you know what, whatever, just draw it however you want.
B16-01	16:50	a man in an early 1900s suit making an announcement. Use a white background, and make it look like it was drawn in an old computer painting program with a mouse. It should be vaguely similar but also not really, kind of matching but also off in a confusing, awkward way, with that low-quality pixel-by-pixel feel that really emphasizes how ridiculously bad it is. Actually, you know what, whatever, just draw it however you want.
B16-02	16:56	a giant steel globe standing on tall stilts. Use a white background, and make it look like it was drawn in an old computer painting program with a mouse. It should be vaguely similar but also not really, kind of matching but also off in a confusing, awkward way, with that low-quality pixel-by-pixel feel that really emphasizes how ridiculously bad it is. Actually, you know what, whatever, just draw it however you want.
B16-03	17:02	a wooden boardwalk with a striped awning stall. Use a white background, and make it look like it was drawn in an old computer painting program with a mouse. It should be vaguely similar but also not really, kind of matching but also off in a confusing, awkward way, with that low-quality pixel-by-pixel feel that really emphasizes how ridiculously bad it is. Actually, you know what, whatever, just draw it however you want.
B16-04	17:08	a cutaway globe packed with different floors. Use a white background, and make it look like it was drawn in an old computer painting program with a mouse. It should be vaguely similar but also not really, kind of matching but also off in a confusing, awkward way, with that low-quality pixel-by-pixel feel that really emphasizes how ridiculously bad it is. Actually, you know what, whatever, just draw it however you want.
B16-05	17:13	a hotel lobby desk. Use a white background, and make it look like it was drawn in an old computer painting program with a mouse. It should be vaguely similar but also not really, kind of matching but also off in a confusing, awkward way, with that low-quality pixel-by-pixel feel that really emphasizes how ridiculously bad it is. Actually, you know what, whatever, just draw it however you want.
B16-06	17:18	a ballroom with a chandelier. Use a white background, and make it look like it was drawn in an old computer painting program with a mouse. It should be vaguely similar but also not really, kind of matching but also off in a confusing, awkward way, with that low-quality pixel-by-pixel feel that really emphasizes how ridiculously bad it is. Actually, you know what, whatever, just draw it however you want.
B16-07	17:20	a bowling lane with pins at the end. Use a white background, and make it look like it was drawn in an old computer painting program with a mouse. It should be vaguely similar but also not really, kind of matching but also off in a confusing, awkward way, with that low-quality pixel-by-pixel feel that really emphasizes how ridiculously bad it is. Actually, you know what, whatever, just draw it however you want.
B16-08	17:22	a roller skating rink. Use a white background, and make it look like it was drawn in an old computer painting program with a mouse. It should be vaguely similar but also not really, kind of matching but also off in a confusing, awkward way, with that low-quality pixel-by-pixel feel that really emphasizes how ridiculously bad it is. Actually, you know what, whatever, just draw it however you want.
B16-09	17:25	a casino table. Use a white background, and make it look like it was drawn in an old computer painting program with a mouse. It should be vaguely similar but also not really, kind of matching but also off in a confusing, awkward way, with that low-quality pixel-by-pixel feel that really emphasizes how ridiculously bad it is. Actually, you know what, whatever, just draw it however you want.
B16-10	17:28	a long banquet table set with plates. Use a white background, and make it look like it was drawn in an old computer painting program with a mouse. It should be vaguely similar but also not really, kind of matching but also off in a confusing, awkward way, with that low-quality pixel-by-pixel feel that really emphasizes how ridiculously bad it is. Actually, you know what, whatever, just draw it however you want.
B16-11	17:33	a rooftop observatory with a telegraph mast. Use a white background, and make it look like it was drawn in an old computer painting program with a mouse. It should be vaguely similar but also not really, kind of matching but also off in a confusing, awkward way, with that low-quality pixel-by-pixel feel that really emphasizes how ridiculously bad it is. Actually, you know what, whatever, just draw it however you want.
B16-12	17:38	a plain ceremonial cornerstone block with no inscription. Use a white background, and make it look like it was drawn in an old computer painting program with a mouse. It should be vaguely similar but also not really, kind of matching but also off in a confusing, awkward way, with that low-quality pixel-by-pixel feel that really emphasizes how ridiculously bad it is. Actually, you know what, whatever, just draw it however you want.
B16-13	17:43	investors handing over money. Use a white background, and make it look like it was drawn in an old computer painting program with a mouse. It should be vaguely similar but also not really, kind of matching but also off in a confusing, awkward way, with that low-quality pixel-by-pixel feel that really emphasizes how ridiculously bad it is. Actually, you know what, whatever, just draw it however you want.
B16-14	17:48	a ferris wheel. Use a white background, and make it look like it was drawn in an old computer painting program with a mouse. It should be vaguely similar but also not really, kind of matching but also off in a confusing, awkward way, with that low-quality pixel-by-pixel feel that really emphasizes how ridiculously bad it is. Actually, you know what, whatever, just draw it however you want.
